id,title,description
2000,Security Patch Deployment - Q1,Database optimization project completed ahead of schedule. Query performance improved by 60% on average.
2001,Feature Release Notes,Cloud infrastructure migration finished with zero downtime. Monthly costs reduced by 30%.
2002,API Performance Review,Successfully implemented new caching layer resulting in 40% reduction in page load times and improved user experience.
2003,Infrastructure Monitoring,Integration with third-party payment processor completed. Transaction success rate improved to 99.7%. Ticket ID: 4143
2004,Database Optimization - v2.1,Same as last time
2005,Customer Feedback Summary,Database optimization project completed ahead of schedule. Query performance improved by 60% on average.
2006,Team Meeting Notes - 2025,Customer onboarding flow redesigned based on user research. Completion rate increased from 68% to 89%.
2007,Security Patch Deployment,Lorem ipsum dolor sit amet
2008,Compliance Review,Numbers: 123456789 and decimals: 3.14159 and percentages: 95.7%
2009,Revenue Analysis Report,Update needed
2010,Compliance Review - v2.1,New feature rollout exceeded expectations with 85% user adoption rate within first week of launch.
2011,Data Quality Assessment,Database optimization project completed ahead of schedule. Query performance improved by 60% on average.
2012,System Performance Alert - Q1,Successfully implemented new caching layer resulting in 40% reduction in page load times and improved user experience.
2013,Data Quality Assessment,New feature rollout exceeded expectations with 85% user adoption rate within first week of launch. Ticket ID: 6979
2014,User Engagement Metrics,Integration with third-party payment processor completed. Transaction success rate improved to 99.7%.
2015,Infrastructure Monitoring,Cloud infrastructure migration finished with zero downtime. Monthly costs reduced by 30%. Ticket ID: 8267
2016,Database Optimization,Successfully implemented new caching layer resulting in 40% reduction in page load times and improved user experience. Ticket ID: 3792
2017,Data Quality Assessment,Successfully implemented new caching layer resulting in 40% reduction in page load times and improved user experience.
2018,Data Quality Assessment - Q1,Quarterly performance metrics show steady improvement across all key indicators. Customer satisfaction up 15% year-over-year. Ticket ID: 9126
2019,Data Quality Assessment - Q4,AI recommendation engine shows 25% improvement in click-through rates during A/B testing phase.
2020,Product Roadmap Update - v2.1,Cloud infrastructure migration finished with zero downtime. Monthly costs reduced by 30%.
2021,Team Meeting Notes,Completed security audit with zero critical vulnerabilities found. All recommended patches applied successfully.
2022,Security Patch Deployment - Q4,AI recommendation engine shows 25% improvement in click-through rates during A/B testing phase.
2023,Data Quality Assessment,Numbers: 123456789 and decimals: 3.14159 and percentages: 95.7%
2024,Technical Documentation,Customer onboarding flow redesigned based on user research. Completion rate increased from 68% to 89%. Ticket ID: 5582
2025,API Performance Review,"Description with ""quotes"" and 'apostrophes' for testing"
2026,System Performance Alert - v2.1,Cloud infrastructure migration finished with zero downtime. Monthly costs reduced by 30%. Ticket ID: 6510
2027,Feature Release Notes,OK
2028,Feature Release Notes,Cloud infrastructure migration finished with zero downtime. Monthly costs reduced by 30%. Ticket ID: 5888
2029,Technical Documentation,Successfully implemented new caching layer resulting in 40% reduction in page load times and improved user experience.
2030,Data Quality Assessment - 2025,"Description with
newlines
and	tabs	for testing"
2031,Feature Release Notes,Completed security audit with zero critical vulnerabilities found. All recommended patches applied successfully. Ticket ID: 1933
2032,Compliance Review,Quarterly performance metrics show steady improvement across all key indicators. Customer satisfaction up 15% year-over-year.
2033,Compliance Review,New feature rollout exceeded expectations with 85% user adoption rate within first week of launch.
2034,Update,Mobile app update includes enhanced accessibility features and improved battery efficiency.
2035,Feature Release Notes,Quarterly performance metrics show steady improvement across all key indicators. Customer satisfaction up 15% year-over-year. Ticket ID: 9971
2036,Marketing Campaign Results,Completed security audit with zero critical vulnerabilities found. All recommended patches applied successfully.
2037,Team Meeting Notes - Q2,AI recommendation engine shows 25% improvement in click-through rates during A/B testing phase. Ticket ID: 9769
2038,Technical Documentation,AI recommendation engine shows 25% improvement in click-through rates during A/B testing phase. Ticket ID: 7386
2039,Infrastructure Monitoring - 2025,
2040,Infrastructure Monitoring,Completed security audit with zero critical vulnerabilities found. All recommended patches applied successfully.
2041,Database Optimization,Update needed
2042,Feature Release Notes,Database optimization project completed ahead of schedule. Query performance improved by 60% on average. Ticket ID: 3235
2043,Security Patch Deployment,URLs like https://example.com and emails like test@example.com
2044,Security Patch Deployment - Q4,Successfully implemented new caching layer resulting in 40% reduction in page load times and improved user experience.
2045,Data Quality Assessment,New feature rollout exceeded expectations with 85% user adoption rate within first week of launch.
2046,Customer Feedback Summary - Q3,Update needed
2047,User Engagement Metrics,Successfully implemented new caching layer resulting in 40% reduction in page load times and improved user experience.
2048,Marketing Campaign Results,Integration with third-party payment processor completed. Transaction success rate improved to 99.7%.
2049,System Performance Alert,New feature rollout exceeded expectations with 85% user adoption rate within first week of launch. Ticket ID: 9384
2050,Compliance Review,Customer onboarding flow redesigned based on user research. Completion rate increased from 68% to 89%.
2051,Team Meeting Notes - Q4,Numbers: 123456789 and decimals: 3.14159 and percentages: 95.7%
2052,User Engagement Metrics - Q1,AI recommendation engine shows 25% improvement in click-through rates during A/B testing phase. Ticket ID: 2677
2053,Infrastructure Monitoring - Q1,Mobile app update includes enhanced accessibility features and improved battery efficiency.
2054,User Engagement Metrics,Completed security audit with zero critical vulnerabilities found. All recommended patches applied successfully.
2055,Database Optimization,HTML tags: <script>alert('test')</script> <b>bold</b> <i>italic</i>
2056,Technical Documentation,Integration with third-party payment processor completed. Transaction success rate improved to 99.7%.
2057,User Engagement Metrics - Q4,Integration with third-party payment processor completed. Transaction success rate improved to 99.7%.
2058,Infrastructure Monitoring,See attached file
2059,Infrastructure Monitoring,Database optimization project completed ahead of schedule. Query performance improved by 60% on average. Ticket ID: 8412
2060,Data Quality Assessment - Phase 1,Mobile app update includes enhanced accessibility features and improved battery efficiency.
2061,Data Quality Assessment,OK
2062,TBD,Database optimization project completed ahead of schedule. Query performance improved by 60% on average. Ticket ID: 6832
2063,Compliance Review,Integration with third-party payment processor completed. Transaction success rate improved to 99.7%.
2064,Team Meeting Notes - v2.1,Customer onboarding flow redesigned based on user research. Completion rate increased from 68% to 89%. Ticket ID: 2605
2065,System Performance Alert,Numbers: 123456789 and decimals: 3.14159 and percentages: 95.7%
2066,Customer Feedback Summary - Q2,Completed security audit with zero critical vulnerabilities found. All recommended patches applied successfully.
2067,Marketing Campaign Results,Successfully implemented new caching layer resulting in 40% reduction in page load times and improved user experience.
2068,Compliance Review,AI recommendation engine shows 25% improvement in click-through rates during A/B testing phase.
2069,Product Roadmap Update - Q4,Customer onboarding flow redesigned based on user research. Completion rate increased from 68% to 89%. Ticket ID: 7400
2070,API Performance Review,Customer onboarding flow redesigned based on user research. Completion rate increased from 68% to 89%. Ticket ID: 2728
2071,API Performance Review,AI recommendation engine shows 25% improvement in click-through rates during A/B testing phase.
2072,Compliance Review,Update needed
2073,User Engagement Metrics - v2.1,Cloud infrastructure migration finished with zero downtime. Monthly costs reduced by 30%.
2074,User Engagement Metrics,AI recommendation engine shows 25% improvement in click-through rates during A/B testing phase. Ticket ID: 4422
2075,Team Meeting Notes,Integration with third-party payment processor completed. Transaction success rate improved to 99.7%. Ticket ID: 4629
2076,Data Quality Assessment,Successfully implemented new caching layer resulting in 40% reduction in page load times and improved user experience.
2077,Product Roadmap Update,Same as last time
2078,API Performance Review - Phase 1,Cloud infrastructure migration finished with zero downtime. Monthly costs reduced by 30%.
2079,Technical Documentation,Very long description that keeps going that keeps going that keeps going that keeps going that keeps going that keeps going that keeps going that keeps going that keeps going that keeps going that keeps going that keeps going that keeps going that keeps going that keeps going that keeps going that keeps going that keeps going that keeps going that keeps going that keeps going that keeps going that keeps going that keeps going that keeps going that keeps going that keeps going that keeps going that keeps going that keeps going that keeps going that keeps going that keeps going that keeps going that keeps going that keeps going that keeps going that keeps going that keeps going that keeps going that keeps going that keeps going that keeps going that keeps going that keeps going that keeps going that keeps going that keeps going that keeps going that keeps going and never seems to end.
2080,Security Patch Deployment,Database optimization project completed ahead of schedule. Query performance improved by 60% on average.
2081,Infrastructure Monitoring,Integration with third-party payment processor completed. Transaction success rate improved to 99.7%. Ticket ID: 5070
2082,Customer Feedback Summary,Error occurred
2083,Product Roadmap Update - Q3,Quarterly performance metrics show steady improvement across all key indicators. Customer satisfaction up 15% year-over-year. Ticket ID: 2509
2084,Database Optimization - Q2,See attached file
2085,Marketing Campaign Results,New feature rollout exceeded expectations with 85% user adoption rate within first week of launch.
2086,Feature Release Notes,OK
2087,System Performance Alert,Contact John for details
2088,Update,Cloud infrastructure migration finished with zero downtime. Monthly costs reduced by 30%.
2089,Database Optimization,HTML tags: <script>alert('test')</script> <b>bold</b> <i>italic</i>
2090,User Engagement Metrics - Q3,New feature rollout exceeded expectations with 85% user adoption rate within first week of launch.
2091,User Engagement Metrics,Cloud infrastructure migration finished with zero downtime. Monthly costs reduced by 30%. Ticket ID: 4755
2092,Technical Documentation,Customer onboarding flow redesigned based on user research. Completion rate increased from 68% to 89%.
2093,Customer Feedback Summary - Q1,Mobile app update includes enhanced accessibility features and improved battery efficiency.
2094,System Performance Alert,
2095,Data Quality Assessment,Update needed
2096,Team Meeting Notes - Phase 1,New feature rollout exceeded expectations with 85% user adoption rate within first week of launch. Ticket ID: 7526
2097,Data Quality Assessment - Phase 1,This description contains special characters: àáâãäåæçèéêë ñòóôõö ùúûüý €£¥ @#$%^&*()
2098,,Customer onboarding flow redesigned based on user research. Completion rate increased from 68% to 89%.
2099,Data Quality Assessment,Error occurred
